accuracy,precision,recall,f1_score
0.9796666666666667,0.9725036179450073,0.9411764705882353,0.9565836298932384
